SOURCE_SHEET;TERM NUMBER;IT EXAMPLE;LEGAL DOMAIN;IT TERM;STANDARDISED/RECOMMENDED;TARGET HYPOTHESIS (DE SOUTH TYROL);OTHER TERMS SOUTH TYROL (CSV);TERMS FROM OTHER LEGAL SYTEMS (CSV);OPTIONS
homonyms;1;Il locale di servizio per il custode e per i bidelli va collocato in prossimità e con visuale sull'ingresso principale.;administrative law;custode;yes;Hausmeister;;;Hausmeister, Verwahrer
homonyms;1;Il custode lavora nelle sedi di uffici e nelle scuole, dove svolge servizi di vigilanza, di pulizia e di manutenzione, nonché servizi ausiliari di segreteria, conformemente alle istruzioni delle professionalità superiori.;administrative law;custode;yes;Hausmeister;;;Hausmeister, Verwahrer
homonyms;1;In mancanza del custode oppure quando il dirigente ritiene necessario che venga coadiuvato da altro personale nello sgombero della neve, possono essere incaricati di questa operazione anche i bidelli.;administrative law;custode;yes;Hausmeister;;;Hausmeister, Verwahrer
homonyms;1;In base alle rilevazioni del fabbisogno viene assegnata una persona con funzioni di custode unicamente alle scuole che per motivate ragioni presentano particolari esigenze strutturali e tecniche e purché vi sia un appartamento per il custode.;administrative law;custode;yes;Hausmeister;;;Hausmeister, Verwahrer
homonyms;1;Per il profilo professionale di custode si deve calcolare un impegno almeno parziale di attività di pulizia.;administrative law;custode;yes;Hausmeister;;;Hausmeister, Verwahrer
homonyms;2;Il compenso al custode è stabilito, con decreto, dal pretore nel caso di nomina fatta dall'ufficiale giudiziario, e in ogni altro caso dal giudice che l'ha nominato.;civil procedure law;custode;yes;Verwahrer;;gerichtlicher Verwahrer;Hausmeister, Verwahrer
homonyms;2;I diritti amministrativi diversi da quelli previsti nel presente articolo spettano, nel caso di pegno o di usufrutto, sia al socio sia al creditore pignoratizio o all'usufruttuario mentre nel caso di sequestro sono esercitati dal custode.;civil procedure law;custode;yes;Verwahrer;;gerichtlicher Verwahrer;Hausmeister, Verwahrer
homonyms;2;Nel caso di sequestro delle azioni il diritto di voto è esercitato dal custode.;civil procedure law;custode;yes;Verwahrer;;gerichtlicher Verwahrer;Hausmeister, Verwahrer
homonyms;2;La conservazione e l'amministrazione dei beni pignorati o sequestrati sono affidate a un custode, quando la legge non dispone altrimenti.;civil procedure law;custode;yes;Verwahrer;;gerichtlicher Verwahrer;Hausmeister, Verwahrer
homonyms;2;Il giudice, d'ufficio o su istanza di parte, può disporre in ogni tempo la sostituzione del custode.;civil procedure law;custode;yes;Verwahrer;;gerichtlicher Verwahrer;Hausmeister, Verwahrer
homonyms;3;Per sostenere l'avvio, il potenziamento e la riorganizzazione delle cooperative, la Provincia può promuovere la costituzione e lo sviluppo di cooperative di lavoro fra lavoratori che siano stati licenziati a seguito di fallimento o di altra procedura concorsuale.;insolvency law;procedura concorsuale;yes;Insolvenzverfahren;;;Wettbewerbsverfahren, Insolvenzverfahren
homonyms;3;Prima della scadenza del suo incarico l'amministratore giudiziario convoca e presiede l'assemblea per la nomina dei nuovi amministratori e sindaci o per proporre, se del caso, la messa in liquidazione della società o la sua ammissione ad una procedura concorsuale.;insolvency law;procedura concorsuale;yes;Insolvenzverfahren;;;Wettbewerbsverfahren, Insolvenzverfahren
homonyms;3;Non sono ammesse alle agevolazioni i soggetti in stato di scioglimento o liquidazione volontaria o sottoposti a procedure concorsuali, quali fallimento, liquidazione coatta amministrativa, concordato preventivo, amministrazione controllata o straordinaria.;insolvency law;procedura concorsuale;yes;Insolvenzverfahren;;;Wettbewerbsverfahren, Insolvenzverfahren
homonyms;3;Nel caso in cui l’impresa capofila sia soggetta a scioglimento o liquidazione volontaria oppure sia sottoposta a procedure concorsuali, una delle imprese aderenti, in accordo con le altre imprese coinvolte nel progetto, può assumere le funzioni di impresa capofila.;insolvency law;procedura concorsuale;yes;Insolvenzverfahren;;;Wettbewerbsverfahren, Insolvenzverfahren
homonyms;3;Possono beneficiare delle agevolazioni le cooperative di produzione e lavoro composte per almeno il 60 per cento da lavoratori che siano stati licenziati a seguito di fallimento o di altra procedura concorsuale o di chiusura definitiva dell'azienda.;insolvency law;procedura concorsuale;yes;Insolvenzverfahren;;;Wettbewerbsverfahren, Insolvenzverfahren
homonyms;4;Per i collaboratori all'integrazione presso le strutture scolastiche, di seguito denominati personale d’integrazione provinciale, vengono effettuate procedure concorsuali per il conseguimento dell’idoneità.;administrative law;procedura concorsuale;yes;Wettbewerbsverfahren;;;Wettbewerbsverfahren, Insolvenzverfahren
homonyms;4;Nel bando può essere inoltre stabilito che il personale deve avere una determinata precedenza per l’anzianità di servizio nella graduatoria per l’ammissione alla procedura concorsuale.;administrative law;procedura concorsuale;yes;Wettbewerbsverfahren;;;Wettbewerbsverfahren, Insolvenzverfahren
homonyms;4;La partecipazione alla procedura concorsuale è obbligatoria per il personale ammesso.;administrative law;procedura concorsuale;yes;Wettbewerbsverfahren;;;Wettbewerbsverfahren, Insolvenzverfahren
homonyms;4;In caso di procedure concorsuali con posti riservati esclusivamente al gruppo linguistico ladino, uno dei membri della commissione esaminatrice appartiene al gruppo linguistico ladino.;administrative law;procedura concorsuale;yes;Wettbewerbsverfahren;;;Wettbewerbsverfahren, Insolvenzverfahren
homonyms;4;Per una procedura concorsuale, in caso di necessità, possono essere nominate due o più commissioni esaminatrici.;administrative law;procedura concorsuale;yes;Wettbewerbsverfahren;;;Wettbewerbsverfahren, Insolvenzverfahren
homonyms;5;Per le cause indicate dall'articolo precedente l'autorità amministrativa, nei limiti e con le forme stabiliti da leggi speciali, può sottoporre a particolari vincoli od obblighi di carattere temporaneo le aziende commerciali e agricole.;civil law;vincolo;yes;Beschränkung;;;Bindung, Beschränkung
homonyms;5;Il compratore può sospendere il pagamento del prezzo, se la cosa venduta risulta gravata da garanzie reali o da vincoli derivanti da pignoramento o da sequestro, non dichiarati dal venditore e dal compratore stesso ignorati.;civil law;vincolo;yes;Beschränkung;;;Bindung, Beschränkung
homonyms;5;Il pegno, il sequestro, il pignoramento e ogni altro vincolo sul diritto menzionato in un titolo di credito o sulle merci da esso rappresentate non hanno effetto se non si attuano sul titolo.;civil law;vincolo;yes;Beschränkung;;;Bindung, Beschränkung
homonyms;5;La seconda sezione del Consiglio di Stato, con sentenza n. 5610 del 29 luglio 2021, ha spiegato quando i vincoli hanno valenza conformativa del diritto di proprietà.;civil law;vincolo;yes;Beschränkung;;;Bindung, Beschränkung
homonyms;5;La trasmissione o il vincolo dell'ipoteca per cessione, surrogazione, pegno, postergazione di grado o costituzione in dote del credito ipotecario, nonché per sequestro, pignoramento o assegnazione del credito medesimo si deve annotare in margine all'iscrizione dell'ipoteca.;civil law;vincolo;yes;Beschränkung;;;Bindung, Beschränkung
homonyms;6;Il contratto preliminare crea un vincolo tra le parti, obbligate alla futura sottoscrizione di un contratto definitivo.;civil law;vincolo;yes;Bindung;;;Bindung, Beschränkung
homonyms;6;L'affinità è il vincolo che si crea tra un coniuge e i parenti dell'altro coniuge.;civil law;vincolo;yes;Bindung;;;Bindung, Beschränkung
homonyms;6;Nei contratti con più di due parti, la nullità che colpisce il vincolo di una sola delle parti non importa nullità del contratto, salvo che la partecipazione di essa debba, secondo le circostanze, considerarsi essenziale.;civil law;vincolo;yes;Bindung;;;Bindung, Beschränkung
homonyms;6;Se alla promessa non è apposto un termine, il vincolo del promittente cessa, qualora entro l'anno dalla promessa non gli sia stato comunicato l'avveramento della situazione o il compimento dell'azione prevista nella promessa.;civil law;vincolo;yes;Bindung;;;Bindung, Beschränkung
homonyms;6;Né la Costituzione né il codice civile definiscono il matrimonio, ma dalle disposizioni di legge si può ricavare che si tratta di un vincolo che unisce due persone e che attribuisce ai coniugi uno status giuridico ben preciso.;civil law;vincolo;yes;Bindung;;;Bindung, Beschränkung
homonyms;7;In caso contrario, deve procedersi senza indugio all'annullamento delle azioni e alla corrispondente riduzione del capitale.;company law;annullamento;no;Vernichtung;;Kraftloserklärung von Aktien, Wirksamwerden der Kapitalherabsetzung;Vernichtung, Nichtigerklärung, Aufhebung
homonyms;7;L'atto costitutivo può prevedere, salvo in ogni caso quanto disposto dal quinto comma dell'articolo 2346, che per effetto dell'annullamento delle azioni disposto nel presente comma si determini una loro diversa ripartizione tra i soci.;company law;annullamento;no;Vernichtung;;Kraftloserklärung von Aktien, Wirksamwerden der Kapitalherabsetzung;Vernichtung, Nichtigerklärung, Aufhebung
homonyms;7;L’annullamento comporta anche l’eliminazione della riserva negativa che era stata appostata nel patrimonio netto a fronte dell'acquisto delle azioni.;company law;annullamento;no;Vernichtung;;Kraftloserklärung von Aktien, Wirksamwerden der Kapitalherabsetzung;Vernichtung, Nichtigerklärung, Aufhebung
homonyms;7;In caso di riduzione del capitale sociale mediante annullamento di azioni proprie, la differenza positiva o negativa tra il costo delle azioni annullate e la corrispondente quota del patrimonio netto non concorre alla formazione del reddito.;company law;annullamento;no;Vernichtung;;Kraftloserklärung von Aktien, Wirksamwerden der Kapitalherabsetzung;Vernichtung, Nichtigerklärung, Aufhebung
homonyms;7;Nella determinazione del reddito delle società partecipanti alla scissione non si tiene conto dell'avanzo o del disavanzo conseguenti al rapporto di cambio delle azioni o quote ovvero all'annullamento di azioni o quote a norma dell'art. 2504 novies del codice civile.;company law;annullamento;no;Vernichtung;;Kraftloserklärung von Aktien, Wirksamwerden der Kapitalherabsetzung;Vernichtung, Nichtigerklärung, Aufhebung
homonyms;8;La ricorrente sostiene che non esistono nella giurisprudenza di questa Corte precedenti favorevoli all'estensione di tale potere governativo di annullamento anche agli atti delle Regioni e Province autonome.;administrative law;annullamento;yes;Aufhebung;Annullierung;Rücknahme mit Rückwirkung, ex-tunc-Rücknahme;Vernichtung, Nichtigerklärung, Aufhebung
homonyms;8;L’annullabilità e l’annullamento degli atti amministrativi costituisce ancora oggi il principale strumento di effettività del diritto amministrativo a garanzia dei fondamentali valori costituzionali sul buon andamento e l’imparzialità della pubblica amministrazione.;administrative law;annullamento;yes;Aufhebung;Annullierung;Rücknahme mit Rückwirkung, ex-tunc-Rücknahme;Vernichtung, Nichtigerklärung, Aufhebung
homonyms;8;Per i contributi erogati si procede alla verifica, anche a campione, della veridicità di quanto dichiarato e, in caso di dichiarazione non veritiera, all'annullamento dell'atto di concessione del contributo e al recupero delle somme erogate.;administrative law;annullamento;yes;Aufhebung;Annullierung;Rücknahme mit Rückwirkung, ex-tunc-Rücknahme;Vernichtung, Nichtigerklärung, Aufhebung
homonyms;8;In caso di annullamento in giudizio del provvedimento così adottato, nell'esercitare nuovamente il suo potere l'amministrazione non può addurre per la prima volta motivi ostativi già emergenti dall'istruttoria del provvedimento annullato.;administrative law;annullamento;yes;Aufhebung;Annullierung;Rücknahme mit Rückwirkung, ex-tunc-Rücknahme;Vernichtung, Nichtigerklärung, Aufhebung
homonyms;8;Le associazioni iscritte nel registro di cui all’articolo 42 del testo unico, e successive modificazioni, possono intervenire nei giudizi riguardanti i minori stranieri non accompagnati e ricorrere in sede di giurisdizione amministrativa per l’annullamento di atti illegittimi.;administrative law;annullamento;yes;Aufhebung;Annullierung;Rücknahme mit Rückwirkung, ex-tunc-Rücknahme;Vernichtung, Nichtigerklärung, Aufhebung
homonyms;9;L'annullamento del contratto può essere domandato solo dalla parte nel cui interesse è stabilito dalla legge.;law of obligations;annullamento;yes;Nichtigerklärung;;Anfechtung;Vernichtung, Nichtigerklärung, Aufhebung
homonyms;9;Il contraente, il cui consenso fu dato per errore, estorto con violenza o carpito con dolo, può chiedere l'annullamento del contratto secondo le disposizioni seguenti.;law of obligations;annullamento;yes;Nichtigerklärung;;Anfechtung;Vernichtung, Nichtigerklärung, Aufhebung
homonyms;9;Non può contrarre matrimonio la donna, se non dopo trecento giorni dallo scioglimento, dall'annullamento o dalla cessazione degli effetti civili del precedente matrimonio.;law of obligations;annullamento;yes;Nichtigerklärung;;Anfechtung;Vernichtung, Nichtigerklärung, Aufhebung
homonyms;9;L'errore sul motivo, sia esso di fatto o di diritto, è causa di annullamento della disposizione testamentaria, quando il motivo risulta dal testamento ed è il solo che ha determinato il testatore a disporre.;law of obligations;annullamento;yes;Nichtigerklärung;;Anfechtung;Vernichtung, Nichtigerklärung, Aufhebung
homonyms;9;Il curatore dell'inabilitato per prodigalità può chiedere l'annullamento della donazione, anche se fatta nei sei mesi anteriori all'inizio del giudizio d'inabilitazione.;law of obligations;annullamento;yes;Nichtigerklärung;;Anfechtung;Vernichtung, Nichtigerklärung, Aufhebung
homonyms;10;Il contratto di noleggio è un accordo tra due parti, cioè il locatore, che concede il bene in uso, e il conduttore, che utilizza il bene, mediante cui si definisono le condizioni per l’uso temporaneo di un bene mobile. ;law of obligations;conduttore;yes;Bestandnehmer;;;Bestandnehmer, Mieter
homonyms;10;Se si tratta di cose mobili, le spese di conservazione e di ordinaria manutenzione sono, salvo patto contrario, a carico del conduttore.;law of obligations;conduttore;yes;Bestandnehmer;;;Bestandnehmer, Mieter
homonyms;10;La locazione di immobili ad uso diverso da quello abitativo postula la concessione in godimento al conduttore di beni destinati ad attività economiche, sia relative al lavoro autonomo che a quello imprenditoriale.;law of obligations;conduttore;yes;Bestandnehmer;;;Bestandnehmer, Mieter
homonyms;10;Il conduttore risponde della perdita e del deterioramento della cosa che avvengono nel corso della locazione, anche se derivanti da incendio, qualora non provi che siano accaduti per causa a lui non imputabile.;law of obligations;conduttore;yes;Bestandnehmer;;;Bestandnehmer, Mieter
homonyms;10;Quando si tratta di cosa mobile stimata e l'assicurazione è stata fatta per valore uguale alla stima, cessa ogni responsabilità del conduttore in confronto del locatore, se questi è indennizzato dall'assicuratore.;law of obligations;conduttore;yes;Bestandnehmer;;;Bestandnehmer, Mieter
homonyms;11;Per i successivi piani di vendita il contingente delle abitazioni da cedere in proprietà ai conduttori viene fissato nella deliberazione di approvazione del piano di vendita.;law of obligations;conduttore;yes;Mieter;Mietpartei;;Bestandnehmer, Mieter
homonyms;11;A pena di decadenza, i conduttori devono comunicare entro 60 giorni all'IPES se intendono acquistare le abitazioni in locazione o se eventualmente sono interessati a prendere in cambio un'altra abitazione in locazione.;law of obligations;conduttore;yes;Mieter;Mietpartei;;Bestandnehmer, Mieter
homonyms;11;Se l'abitazione era locata prima dell'evento calamitoso, al conduttore deve essere concesso il diritto a rientrare nell'alloggio.;law of obligations;conduttore;yes;Mieter;Mietpartei;;Bestandnehmer, Mieter
homonyms;11;I conduttori che intendono avvalersi della riduzione del prezzo di cessione di cui all'articolo 122 devono presentare contestualmente alla comunicazione di cui al comma 2 apposita istanza, documentando il possesso dei requisiti generali per essere ammessi alle agevolazioni edilizie provinciali.;law of obligations;conduttore;yes;Mieter;Mietpartei;;Bestandnehmer, Mieter
homonyms;11;L'IPES richiede all'Ufficio estimo della Provincia la determinazione del prezzo di cessione per quelle abitazioni in ordine alle quali i conduttori hanno manifestato la loro intenzione di acquisto.;law of obligations;conduttore;yes;Mieter;Mietpartei;;Bestandnehmer, Mieter
homonyms;12;Se gli amministratori non provvedono a convocare l'assemblea dell'associazione, la convocazione può essere ordinata dal presidente del tribunale.;civil law;convocazione;yes;Einberufung;;;Vorladung, Einberufung
homonyms;12;La convocazione dell'assemblea deve essere affissa per non meno di trenta giorni consecutivi nei locali di maggior uso comune o negli spazi a tal fine destinati.;civil law;convocazione;yes;Einberufung;;;Vorladung, Einberufung
homonyms;12;Lo statuto delle società che non fanno ricorso al mercato del capitale di rischio può consentire la convocazione mediante avviso comunicato ai soci con mezzi che garantiscano la prova dell'avvenuto ricevimento almeno otto giorni prima dell'assemblea.;civil law;convocazione;yes;Einberufung;;;Vorladung, Einberufung
homonyms;12;In mancanza delle formalità previste per la convocazione, l'assemblea si reputa regolarmente costituita, quando è rappresentato l'intero capitale sociale e partecipa all'assemblea la maggioranza dei componenti degli organi amministrativi e di controllo.;civil law;convocazione;yes;Einberufung;;;Vorladung, Einberufung
homonyms;12;La convocazione su richiesta di soci non è ammessa per argomenti sui quali l'assemblea delibera, a norma di legge, su proposta degli amministratori o sulla base di un progetto o di una relazione da essi predisposta.;civil law;convocazione;yes;Einberufung;;;Vorladung, Einberufung
homonyms;13;In caso di mancata comparizione dell'interessato per giustificati motivi, si provvede a nuova convocazione dell'udienza.;civil procedure law;convocazione;yes;Vorladung;;;Vorladung, Einberufung
homonyms;13;Con il provvedimento di sospensione cautelare di cui al comma precedente si procede anche alla contestuale contestazione per iscritto dell'addebito e alla convocazione del dipendente per l'audizione.;civil procedure law;convocazione;yes;Vorladung;;;Vorladung, Einberufung
homonyms;13;Quando la convocazione della controparte potrebbe pregiudicare l'attuazione del provvedimento, il presidente provvede con decreto motivato assunte ove occorra sommarie informazioni.;civil procedure law;convocazione;yes;Vorladung;;;Vorladung, Einberufung
homonyms;13;Il consulente tecnico che non risponde alla convocazione in tribunale decade dall’iscrizione all’albo.;civil procedure law;convocazione;yes;Vorladung;;;Vorladung, Einberufung
homonyms;13;La convocazione in Tribunale è nel giorno in cui il Giudice dell’Esecuzione assegnatario della causa terrà l’udienza.;civil procedure law;convocazione;yes;Vorladung;;;Vorladung, Einberufung
homonyms;14;Le commissioni giudicatrici dell'esame di Stato per l'abilitazione all'esercizio della professione di dottore agronomo e dottore forestale nominate con decreto del Ministro dell'università e della ricerca scientifica e tecnologica sono composte da un presidente e da quattro liberi professionisti.;university law;commissione giudicatrice;yes;Prüfungskommission;;Prüfungsausschuss;Prüfungskommission, Bewertungskommission
homonyms;14;L'approvazione della graduatoria dei candidati può recare una motivazione sintetica, attraverso il richiamo ai verbali della commissione giudicatrice e la verifica della regolarità delle operazioni della commissione stessa e, quindi, della legittimità della procedura concorsuale.;university law;commissione giudicatrice;yes;Prüfungskommission;;Prüfungsausschuss;Prüfungskommission, Bewertungskommission
homonyms;14;Il potere di controllo demandato all'amministrazione non le consente di ingerirsi nell'ambito dei poteri tecnico–discrezionali propri della commissione giudicatrice di un concorso.;university law;commissione giudicatrice;yes;Prüfungskommission;;Prüfungsausschuss;Prüfungskommission, Bewertungskommission
homonyms;14;Il diploma è rilasciato dall'assessorato provinciale competente in materia di formazione sanitaria ed è sottoscritto anche dal presidente della commissione giudicatrice.;university law;commissione giudicatrice;yes;Prüfungskommission;;Prüfungsausschuss;Prüfungskommission, Bewertungskommission
homonyms;14;L’organizzazione del concorso, la nomina della commissione giudicatrice e la vigilanza sul regolare e corretto espletamento della procedura concorsuale sono demandate alla direzione provinciale per le scuole a carattere statale in lingua italiana.;university law;commissione giudicatrice;yes;Prüfungskommission;;Prüfungsausschuss;Prüfungskommission, Bewertungskommission
homonyms;15;La verifica dell’offerta anomala sulla base delle giustificazioni presentate dalla ditta interessata spetta alla stessa commissione giudicatrice incaricata della valutazione tecnica, in quanto dotata delle necessarie competenze tecniche.;administrative law;commissione giudicatrice;yes;Bewertungskommission;Preisgericht;;Prüfungskommission, Bewertungskommission
homonyms;15;Ai fini della selezione della migliore offerta nelle procedure di aggiudicazione di contratti di appalti con il criterio dell’offerta economicamente più vantaggiosa, dopo la scadenza del termine per la presentazione delle offerte, è nominata una commissione giudicatrice.;administrative law;commissione giudicatrice;yes;Bewertungskommission;Preisgericht;;Prüfungskommission, Bewertungskommission
homonyms;15;Nell'appalto concorso la nomina di una commissione giudicatrice diversa dagli uffici dell'amministrazione appaltante non è obbligatoria, ma facoltativa.;administrative law;commissione giudicatrice;yes;Bewertungskommission;Preisgericht;;Prüfungskommission, Bewertungskommission
homonyms;15;Alla scelta dell’opera d’arte provvede una commissione giudicatrice nominata dall’amministrazione aggiudicatrice, composta da non più di cinque membri.;administrative law;commissione giudicatrice;yes;Bewertungskommission;Preisgericht;;Prüfungskommission, Bewertungskommission
homonyms;15;Sono impugnati i commi 2 e 3 dell'art. 84, i quali dettano norme sulle funzioni, sulla composizione e sulla modalità di nomina dei componenti della Commissione giudicatrice incaricata di esprimersi nell'ipotesi di aggiudicazione con il criterio dell'offerta economicamente più vantaggiosa.;administrative law;commissione giudicatrice;yes;Bewertungskommission;Preisgericht;;Prüfungskommission, Bewertungskommission
homonyms;16;I creditori particolari di uno dei coniugi, anche se il credito è sorto anteriormente al matrimonio, possono soddisfarsi in via sussidiaria sui beni della comunione, fino al valore corrispondente alla quota del coniuge obbligato.;civil law;creditore particolare;yes;Einzelgläubiger;;;Einzelgläubiger, Privatgläubiger
homonyms;16;La questione viene in evidenza ogni qualvolta la procedura esecutiva sia intrapresa con riferimento ad un cespite comune dal creditore particolare del singolo coniuge.;civil law;creditore particolare;yes;Einzelgläubiger;;;Einzelgläubiger, Privatgläubiger
homonyms;16;Il bene facente parte della comunione legale deve essere pignorato per l’intero anche quando ad agire è il creditore particolare del coniuge.;civil law;creditore particolare;yes;Einzelgläubiger;;;Einzelgläubiger, Privatgläubiger
homonyms;16;Deve essere notificato atto di avviso ex art. 498 del cpc anche ai creditori particolari del coniuge non obbligato.;civil law;creditore particolare;yes;Einzelgläubiger;;;Einzelgläubiger, Privatgläubiger
homonyms;16;La sentenza in esame affronta il problema se il creditore particolare può agire esecutivamente sui beni rientranti nella comunione legale dei coniugi.;civil law;creditore particolare;yes;Einzelgläubiger;;;Einzelgläubiger, Privatgläubiger
homonyms;17;Il creditore particolare del socio, finché dura la società, può far valere i suoi diritti sugli utili spettanti al debitore e compiere atti conservativi sulla quota spettante a quest'ultimo nella liquidazione.;commercial law;creditore particolare;yes;Privatgläubiger;;;Einzelgläubiger, Privatgläubiger
homonyms;17;Parimenti è escluso di diritto il socio nei cui confronti un suo creditore particolare abbia ottenuto la liquidazione della quota a norma dell'articolo 2270.;commercial law;creditore particolare;yes;Privatgläubiger;;;Einzelgläubiger, Privatgläubiger
homonyms;17;In caso di proroga tacita ciascun socio può sempre recedere dalla società, dando preavviso a norma dell'articolo 2285, e il creditore particolare del socio può chiedere la liquidazione della quota del suo debitore a norma dell'articolo 2270.;commercial law;creditore particolare;yes;Privatgläubiger;;;Einzelgläubiger, Privatgläubiger
homonyms;17;Per la durata del consorzio i consorziati non possono chiedere la divisione del fondo, e i creditori particolari dei consorziati non possono far valere i loro diritti sul fondo medesimo.;commercial law;creditore particolare;yes;Privatgläubiger;;;Einzelgläubiger, Privatgläubiger
homonyms;17;Se gli altri beni del debitore sono insufficienti a soddisfare i suoi crediti, il creditore particolare del socio può chiedere in ogni tempo la liquidazione della quota del suo debitore.;commercial law;creditore particolare;yes;Privatgläubiger;;;Einzelgläubiger, Privatgläubiger
homonyms;18;Se la cosa legata è gravata da una servitù, da un canone o da altro onere inerente al fondo, ovvero da una rendita fondiaria, il peso ne è sopportato dal legatario.;civil law;fondo;yes;Grundstück;;;Grundstück, Fonds
homonyms;18;Il legatario che ha estinto il debito di cui era gravato il fondo legato subentra nelle ragioni del creditore contro gli eredi.;civil law;fondo;yes;Grundstück;;;Grundstück, Fonds
homonyms;18;Il proprietario di un fondo non può impedire che vi si entri per l'esercizio della caccia, a meno che il fondo sia chiuso nei modi stabiliti dalla legge sulla caccia o vi siano colture in atto suscettibili di danno.;civil law;fondo;yes;Grundstück;;;Grundstück, Fonds
homonyms;18;Il proprietario deve permettere l'accesso e il passaggio nel suo fondo, sempre che ne venga riconosciuta la necessità, al fine di costruire o riparare un muro o altra opera propria del vicino oppure comune.;civil law;fondo;yes;Grundstück;;;Grundstück, Fonds
homonyms;18;Quando l'inosservanza degli obblighi imposti ai proprietari risulta tale da compromettere l'attuazione del piano di bonifica, può farsi luogo all'espropriazione parziale o totale del fondo appartenente al proprietario inadempiente, osservate le disposizioni della legge speciale.;civil law;fondo;yes;Grundstück;;;Grundstück, Fonds
homonyms;19;L'assemblea può aumentare il capitale, imputando a capitale le riserve e gli altri fondi iscritti in bilancio in quanto disponibili.;commercial law;fondo;no;Fonds;;;Grundstück, Fonds
homonyms;19;Se dalla fusione emerge un avanzo, esso è iscritto ad apposita voce del patrimonio netto, ovvero, quando sia dovuto a previsione di risultati economici sfavorevoli, in una voce dei fondi per rischi ed oneri.;commercial law;fondo;no;Fonds;;;Grundstück, Fonds
homonyms;19;Spetta alle amministrazioni e, per essi al dirigente e/o responsabile competente, provvedere alla costituzione del fondo per la contrattazione decentrata.;commercial law;fondo;no;Fonds;;;Grundstück, Fonds
homonyms;19;La somma è devoluta al fondo di cui l'amministratore dispone per le spese ordinarie.;commercial law;fondo;no;Fonds;;;Grundstück, Fonds
homonyms;19;Il fondo è destinato alla concessione di contributi a coloro che al momento in cui si verifica l’evento calamitoso risultano essere proprietari di fabbricati urbani colpiti da tale evento.;commercial law;fondo;no;Fonds;;;Grundstück, Fonds
homonyms;20;Il diritto di ottenere la risoluzione è soggetto alla decadenza e alla prescrizione stabilite dall'articolo 1495.;civil law;decadenza;yes;Verwirkung;;;Verfall, Verwirkung
homonyms;20;Se il venditore ha garantito per un tempo determinato il buon funzionamento della cosa venduta, il compratore, salvo patto contrario, deve denunziare al venditore il difetto di funzionamento entro trenta giorni dalla scoperta, sotto pena di decadenza.;civil law;decadenza;yes;Verwirkung;;;Verfall, Verwirkung
homonyms;20;Nei casi in cui la decadenza è impedita, il diritto rimane soggetto alle disposizioni che regolano la prescrizione.;civil law;decadenza;yes;Verwirkung;;;Verfall, Verwirkung
homonyms;20;Le parti non possono modificare la disciplina legale della decadenza né possono rinunziare alla decadenza medesima, se questa è stabilita dalla legge in materia sottratta alla disponibilità delle parti.;civil law;decadenza;yes;Verwirkung;;;Verfall, Verwirkung
homonyms;20;La decadenza produce la perdita del potere di compiere un determinato atto processuale come conseguenza del mancato compimento dell’atto nell’ambito temporale previsto dalla legge o dal giudice entro cui poteva essere utilmente realizzato.;civil law;decadenza;yes;Verwirkung;;;Verfall, Verwirkung
homonyms;21;"L'autorizzazione non è trasferibile; essa si estingue oltrechè per scadenza del termine, per la morte del titolare, per rinuncia o per decadenza della stessa.";administrative law;decadenza;yes;Verfall;Rücknahme;;Verfall, Verwirkung
homonyms;21;La decadenza dell'autorizzazione può venire pronunciata quando il titolare non abbia osservato gli obblighi previsti nell'autorizzazione e nel disciplinare allegato e quelli stabiliti nella presente legge.;administrative law;decadenza;yes;Verfall;Rücknahme;;Verfall, Verwirkung
homonyms;21;Le aziende cui è assentita la concessione ai sensi del successivo articolo 6 sono tenute ad applicare, pena la decadenza della concessione, le norme provinciali o statali vigenti nella provincia di Bolzano in materia di sicurezza dei servizi di trasporto.;administrative law;decadenza;yes;Verfall;Rücknahme;;Verfall, Verwirkung
homonyms;21;Indipendentemente dalla nullità suddetta, la Giunta provinciale può pronunciare la decadenza della concessione nei casi previsti all'articolo 38 della presente legge.;administrative law;decadenza;yes;Verfall;Rücknahme;;Verfall, Verwirkung
homonyms;21;Con decreto dell'Assessore provinciale competente è pronunciata la decadenza della concessione quando il titolare perde i requisiti previsti all'articolo 6.;administrative law;decadenza;yes;Verfall;Rücknahme;;Verfall, Verwirkung
homonyms;22;Si dichiara che la presente comunicazione ha carattere meramente indicativo e non vincola la stazione appaltante al successivo affidamento.;administrative law;affidamento;no;Vergabe;;;Vergabe, Überlassung zur Betreuung
homonyms;22;Nell’ipotesi di affidamento congiunto di progettazione esecutiva ed esecuzione di lavori sulla base del progetto di fattibilità tecnica ed economica, il progetto esecutivo non può prevedere significative modifiche alla qualità e alle quantità delle lavorazioni previste.;administrative law;affidamento;no;Vergabe;;;Vergabe, Überlassung zur Betreuung
homonyms;22;Il soggetto che intende partecipare alla gara non deve partecipare o aver partecipato direttamente o indirettamente né alla gara per l'affidamento della progettazione né alla redazione della stessa in qualsiasi suo livello.;administrative law;affidamento;no;Vergabe;;;Vergabe, Überlassung zur Betreuung
homonyms;22;Avvenuta la validazione del progetto posto a base di gara, ciascuna stazione appaltante, secondo le modalità e le procedure stabilite dal proprio ordinamento, avvia la fase dell'affidamento dei lavori.;administrative law;affidamento;no;Vergabe;;;Vergabe, Überlassung zur Betreuung
homonyms;22;Si rende necessario provvedere all’affidamento del servizio in oggetto. ;administrative law;affidamento;no;Vergabe;;;Vergabe, Überlassung zur Betreuung
homonyms;23;L'affidamento è sempre temporaneo e comporta, quando è possibile, il reinserimento del minore nella sua famiglia naturale. ;family law;affidamento;no;Überlassung zur Betreuung;Fremdunterbringung, Anvertrauung ;Pflegekindschaft, Übernahme in Pflege, Aufnahme zur Pflege;Vergabe, Überlassung zur Betreuung
homonyms;23;Affinché l'affidamento possa essere disposto occorre che, a causa di circostanze di carattere transitorio, i genitori del minore non siano in grado di offrirgli le cure che gli necessitano.;family law;affidamento;no;Überlassung zur Betreuung;Fremdunterbringung, Anvertrauung ;Pflegekindschaft, Übernahme in Pflege, Aufnahme zur Pflege;Vergabe, Überlassung zur Betreuung
homonyms;23;L'assistente sociale competente valuta la situazione del minore, indica le motivazioni che ne consiglino l'affidamento, definisce con la famiglia affidataria e con quella di origine le modalità e condizioni dell'affidamento, e compila apposito modulo;family law;affidamento;no;Überlassung zur Betreuung;Fremdunterbringung, Anvertrauung ;Pflegekindschaft, Übernahme in Pflege, Aufnahme zur Pflege;Vergabe, Überlassung zur Betreuung
homonyms;23;L'assistente sociale competente, qualora riscontri gli estremi di una possibile situazione di abbandono da parte dei genitori o legali rappresentanti che hanno espresso il consenso all'affidamento, predispone una relazione da trasmettersi all'autorità giudiziaria competente.;family law;affidamento;no;Überlassung zur Betreuung;Fremdunterbringung, Anvertrauung ;Pflegekindschaft, Übernahme in Pflege, Aufnahme zur Pflege;Vergabe, Überlassung zur Betreuung
homonyms;23;Nel caso in cui l’affidamento sia disposto dal Servizio sociale, occorre il previo consenso prestato dai genitori esercenti la potestà o dal tutore.;family law;affidamento;no;Überlassung zur Betreuung;Fremdunterbringung, Anvertrauung ;Pflegekindschaft, Übernahme in Pflege, Aufnahme zur Pflege;Vergabe, Überlassung zur Betreuung
homonyms;24;Il presente regolamento disciplina l’adeguamento della struttura dirigenziale dell’Amministrazione provinciale di Bolzano, la denominazione e le competenze delle singole strutture dirigenziali e le competenze assegnate ai dipartimenti.;administrative law;dipartimento;yes;Ressort;;;Ressort, Abteilung
homonyms;24;Il dipartimento raggruppa le ripartizioni, le aree funzionali e gli uffici posti alle dipendenze di ciascun membro di Giunta in ragione della ripartizione delle materie ai sensi dell’articolo 52, comma 3, dello Statuto di autonomia dell’Alto Adige.;administrative law;dipartimento;yes;Ressort;;;Ressort, Abteilung
homonyms;24;Il Presidente della Provincia autonoma di Bolzano può istituire fino a due dipartimenti per le ripartizioni di sua competenza e non facenti capo alla Segreteria generale o alla Direzione generale.;administrative law;dipartimento;yes;Ressort;;;Ressort, Abteilung
homonyms;24;Ove sussistano particolari esigenze o affinità di compiti, la Giunta provinciale di Bolzano determina specifiche modalità di coordinamento tra le ripartizioni dei vari dipartimenti.;administrative law;dipartimento;yes;Ressort;;;Ressort, Abteilung
homonyms;24;In Alto Adige, le Direzioni Istruzione e Formazione sono equiparate ai dipartimenti e si articolano in ripartizioni, direzioni provinciali e servizi di valutazione.;administrative law;dipartimento;yes;Ressort;;;Ressort, Abteilung
homonyms;25;I capi dei dipartimenti di cui all'articolo 2, comma 1, assicurano l'esercizio organico, coordinato e integrato delle funzioni del Ministero.;administrative law;dipartimento;yes;Abteilung;;;Ressort, Abteilung
homonyms;25;Il Ministero, per l'espletamento dei compiti ad esso demandati, è articolato in quattro dipartimenti, dodici uffici dirigenziali di livello generale centrali e quindici uffici dirigenziali di livello generale periferici dotati di autonomia speciale.;administrative law;dipartimento;yes;Abteilung;;;Ressort, Abteilung
homonyms;25;I dipartimenti sono le principali articolazioni amministrative del Ministero, organizzati in direzioni generali e relativi uffici, che costituiscono gli organi di amministrazione attiva.;administrative law;dipartimento;yes;Abteilung;;;Ressort, Abteilung
homonyms;25;Il DiVa elabora, d'intesa con i dipartimenti competenti, parametri qualitativi e quantitativi, procedure e modelli informatici diretti a valutare la gestione degli istituti e dei luoghi della cultura statali, in termini di economicità, efficienza ed efficacia.;administrative law;dipartimento;yes;Abteilung;;;Ressort, Abteilung
homonyms;25;L'Ufficio legislativo cura l'attività di definizione delle iniziative legislative e regolamentari nelle materie di competenza del Ministero, avvalendosi anche della collaborazione, ai fini dello studio e della progettazione normativa, dei competenti dipartimenti del Ministero e degli uffici dirigenziali generali.;administrative law;dipartimento;yes;Abteilung;;;Ressort, Abteilung
homonyms;26;Nel caso previsto dall'articolo precedente, l'azione può essere promossa anche da chi, pur non portando il nome contestato o indebitamente usato, abbia alla tutela del nome un interesse fondato su ragioni familiari degne d'essere protette.;civil law;azione;yes;Klage;;;Klage, Aktie
homonyms;26;Le azioni contro gli amministratori per fatti riguardanti la loro responsabilità devono essere autorizzate dall'autorità governativa e sono esercitate dal commissario straordinario, dai liquidatori o dai nuovi amministratori.;civil law;azione;yes;Klage;;;Klage, Aktie
homonyms;26;L'azione può essere proposta dal coniuge il cui consenso era necessario entro un anno dalla data in cui ha avuto conoscenza dell'atto e in ogni caso entro un anno dalla data di trascrizione. ;civil law;azione;yes;Klage;;;Klage, Aktie
homonyms;26;Chi esercita l'azione è ammesso a provare che non sussiste rapporto di filiazione tra il figlio e il presunto padre.;civil law;azione;yes;Klage;;;Klage, Aktie
homonyms;26;Se una delle parti è minore o interdetta, l'azione è proposta in contraddittorio con un curatore nominato dal giudice davanti al quale il giudizio deve essere promosso.;civil law;azione;yes;Klage;;;Klage, Aktie
homonyms;27;Le quote di partecipazione dei soci non possono essere rappresentate da azioni.;company law;azione;yes;Aktie;;;Klage, Aktie
homonyms;27;In caso di insolvenza della società, per le obbligazioni sociali sorte nel periodo in cui le azioni sono appartenute ad una sola persona, questa risponde illimitatamente quando i conferimenti non siano stati effettuati secondo quanto previsto dall'articolo 2342.;company law;azione;yes;Aktie;;;Klage, Aktie
homonyms;27;Le disposizioni dei commi precedenti non si applicano agli strumenti finanziari emessi dalle banche diversi dalle azioni o dagli strumenti finanziari che permettono di acquisire o sottoscrivere azioni.;company law;azione;yes;Aktie;;;Klage, Aktie
homonyms;27;Qualora i promotori si avvalgano di quest'ultima facoltà, non può procedersi alla costituzione della società prima che siano collocate le azioni che quelli avevano sottoscritte.;company law;azione;yes;Aktie;;;Klage, Aktie
homonyms;27;Fino all'iscrizione della dichiarazione le azioni sono inalienabili e devono restare depositate presso la società.;company law;azione;yes;Aktie;;;Klage, Aktie
homonyms;28;Il pubblico ministero, entro le successive settantadue ore, se non dispone la revoca del collocamento, chiede al tribunale per i minorenni la convalida del provvedimento.;civil procedure law;convalida;no;Bestätigung;;;Bestätigung, Heilung
homonyms;28;Il provvedimento emesso dalla pubblica autorità perde efficacia se la trasmissione degli atti da parte della pubblica autorità, la richiesta di convalida da parte del pubblico ministero e i decreti del tribunale non intervengono entro i termini previsti.;civil procedure law;convalida;no;Bestätigung;;;Bestätigung, Heilung
homonyms;28;Se il godimento di un immobile è il corrispettivo anche parziale di una prestazione d'opera, l'intimazione di licenza o di sfratto con la contestuale citazione per la convalida può essere fatta quando il contratto viene a cessare per qualsiasi causa.;civil procedure law;convalida;no;Bestätigung;;;Bestätigung, Heilung
homonyms;28;Il locatore o il concedente può intimare al conduttore, all'affittuario coltivatore diretto, al mezzadro o al colono licenza per finita locazione, prima della scadenza del contratto, con la contestuale citazione per la convalida, rispettando i termini prescritti dal contratto.;civil procedure law;convalida;no;Bestätigung;;;Bestätigung, Heilung
homonyms;28;Se lo sfratto è stato intimato per mancato pagamento del canone, la convalida è subordinata all'attestazione in giudizio del locatore o del suo procuratore che la morosità persiste.;civil procedure law;convalida;no;Bestätigung;;;Bestätigung, Heilung
homonyms;29;La convalida è una delle forme di sanatoria del negozio giuridico.;law of obligations;convalida;yes;Heilung;;Bestätigung;Bestätigung, Heilung
homonyms;29;La convalida non ha effetto, se chi l'esegue non è in condizione di concludere validamente il contratto.;law of obligations;convalida;yes;Heilung;;Bestätigung;Bestätigung, Heilung
homonyms;29;La convalida della donazione nulla è possibile solo dopo la morte del donante ad opera dei suoi eredi o aventi causa che dichiarino espressamente di confermare la donazione fatta, o ne diano volontaria esecuzione.;law of obligations;convalida;yes;Heilung;;Bestätigung;Bestätigung, Heilung
homonyms;29;Il legislatore consente la convalida se il negozio è solo annullabile atteso che il vizio è meno grave di quello che sussiste in caso di nullità e, quindi, è ammissibile che esso possa produrre degli effetti.;law of obligations;convalida;yes;Heilung;;Bestätigung;Bestätigung, Heilung
homonyms;29;Per quanto la convalida non debba avvenire nella stessa forma del contratto convalidato, se questo è un contratto formale, sembra risultare dalla norma in esame, che parla di atto di convalida, che sia richiesta la forma scritta.;law of obligations;convalida;yes;Heilung;;Bestätigung;Bestätigung, Heilung
homonyms;30;La Società cooperativa è retta e disciplinata secondo i principi della mutualità senza fini di speculazione privata e ha lo scopo di sostenere, consigliare e promuovere al meglio i soci nel settore del turismo nella propria zona di competenza.;company law;socio;yes;Genossenschafter;;;Mitglied, Gesellschafter, Genossenschafter
homonyms;30;La Società cooperativa può ricevere dai soci prestiti finalizzati al raggiungimento dello scopo sociale, secondo i criteri e i limiti fissati dalla normativa vigente.;company law;socio;yes;Genossenschafter;;;Mitglied, Gesellschafter, Genossenschafter
homonyms;30;Possono assumere la qualifica di socio le persone fisiche e giuridiche, nonché le associazioni senza personalità giuridica, interessate allo sviluppo del turismo nella zona di competenza della Società cooperativa e in grado di contribuire al raggiungimento dello scopo sociale.;company law;socio;yes;Genossenschafter;;;Mitglied, Gesellschafter, Genossenschafter
homonyms;30;Il socio può recedere dalla Società cooperativa in qualsiasi momento.;company law;socio;yes;Genossenschafter;;;Mitglied, Gesellschafter, Genossenschafter
homonyms;30;Per i rapporti mutualistici tra socio e Società cooperativa, il recesso ha effetto con la chiusura dell’esercizio in corso, se comunicato tre mesi prima, e, in caso contrario, con la chiusura dell’esercizio successivo.;company law;socio;yes;Genossenschafter;;;Mitglied, Gesellschafter, Genossenschafter
homonyms;31;Negli atti e nella corrispondenza delle società per azioni ed a responsabilità limitata deve essere indicato se queste hanno un unico socio.;company law;socio;yes;Gesellschafter;;;Mitglied, Gesellschafter, Genossenschafter
homonyms;31;Lo scopo di lucro coincide con lo scopo-fine della società, la quale deve essere volta alla produzione di utili da distribuire ai soci.;company law;socio;yes;Gesellschafter;;;Mitglied, Gesellschafter, Genossenschafter
homonyms;31;Per le obbligazioni sociali rispondono personalmente e solidalmente i soci che hanno agito in nome e per conto della società e, salvo patto contrario, gli altri soci.;company law;socio;yes;Gesellschafter;;;Mitglied, Gesellschafter, Genossenschafter
homonyms;31;Il socio richiesto del pagamento di debiti sociali può domandare, anche se la società è in liquidazione, la preventiva escussione del patrimonio sociale, indicando i beni sui quali il creditore possa agevolmente soddisfarsi.;company law;socio;yes;Gesellschafter;;;Mitglied, Gesellschafter, Genossenschafter
homonyms;31;Chi entra a far parte di una società già costituita risponde con gli altri soci per le obbligazioni sociali anteriori all'acquisto della qualità di socio.;company law;socio;yes;Gesellschafter;;;Mitglied, Gesellschafter, Genossenschafter
homonyms;32;Possono divenire soci dell’Associazione tutte le persone fisiche e giuridiche, nonché le associazioni senza personalità giuridica, interessate allo scopo associativo e disposte a sostenerlo.;company law;socio;no;Mitglied;;;Mitglied, Gesellschafter, Genossenschafter
homonyms;32;"Ogni socio ha il dovere di rispettare le norme dello statuto, i regolamenti interni e le deliberazioni degli organi dell’Associazione; e di versare nei termini la quota sociale annua e gli altri contributi obbligatori nella misura stabilita dall’assemblea generale.";company law;socio;no;Mitglied;;;Mitglied, Gesellschafter, Genossenschafter
homonyms;32;Il socio uscente non ha alcun diritto sul patrimonio dell’Associazione e non può ripetere i contributi versati.;company law;socio;no;Mitglied;;;Mitglied, Gesellschafter, Genossenschafter
homonyms;32;Per deliberare lo scioglimento dell’Associazione è necessario il voto favorevole di tre quarti dei soci.;company law;socio;no;Mitglied;;;Mitglied, Gesellschafter, Genossenschafter
homonyms;32;Per la costituzione e la sussistenza, l’associazione deve avere almeno 9 soci.;company law;socio;no;Mitglied;;;Mitglied, Gesellschafter, Genossenschafter
homonyms;33;È esente da responsabilità quello degli amministratori il quale non abbia partecipato all'atto che ha causato il danno, salvo il caso in cui, essendo a cognizione che l'atto si stava per compiere, egli non abbia fatto constare del proprio dissenso.;civil law;responsabilità;yes;Haftung;zivilrechtliche Haftung, Verantwortlichkeit, Verantwortung;Vertretenmüssen, Eintretenmüssen, ;Haftung, Verantwortlichkeit
homonyms;33;Nelle deliberazioni di approvazione del bilancio e in quelle che riguardano la loro responsabilità gli amministratori non hanno voto.;civil law;responsabilità;yes;Haftung;zivilrechtliche Haftung, Verantwortlichkeit, Verantwortung;Vertretenmüssen, Eintretenmüssen, ;Haftung, Verantwortlichkeit
homonyms;33;Eseguita la consegna, l'erede resta liberato da ogni responsabilità per i debiti ereditari.;civil law;responsabilità;yes;Haftung;zivilrechtliche Haftung, Verantwortlichkeit, Verantwortung;Vertretenmüssen, Eintretenmüssen, ;Haftung, Verantwortlichkeit
homonyms;33;È nullo qualsiasi patto che esclude o limita preventivamente la responsabilità del debitore per dolo o per colpa grave.;civil law;responsabilità;yes;Haftung;zivilrechtliche Haftung, Verantwortlichkeit, Verantwortung;Vertretenmüssen, Eintretenmüssen, ;Haftung, Verantwortlichkeit
homonyms;33;La responsabilità di cui al presente articolo è limitata al valore di quanto sia deteriorato, distrutto o sottratto, sino all'equivalente di cento volte il prezzo di locazione dell'alloggio per giornata.;civil law;responsabilità;yes;Haftung;zivilrechtliche Haftung, Verantwortlichkeit, Verantwortung;Vertretenmüssen, Eintretenmüssen, ;Haftung, Verantwortlichkeit
homonyms;34;Non può essere assunta da uno stesso difensore la difesa di più imputati che abbiano reso dichiarazioni concernenti la responsabilità di altro imputato nel medesimo procedimento o in procedimento connesso ai sensi dell’articolo 12.;criminal law;responsabilità;yes;Verantwortlichkeit;strafrechtliche Verantwortung, strafrechtilche Verantwortlichkeit;;Haftung, Verantwortlichkeit
homonyms;34;Il testimone non può essere obbligato a deporre sui fatti per i quali è stata pronunciata in giudizio sentenza di condanna nei suoi confronti, se nel procedimento egli aveva negato la propria responsabilità ovvero non aveva reso alcuna dichiarazione.;criminal law;responsabilità;yes;Verantwortlichkeit;strafrechtliche Verantwortung, strafrechtilche Verantwortlichkeit;;Haftung, Verantwortlichkeit
homonyms;34;Salvo che si tratti di persona minore degli anni quattordici, il presidente avverte altresì il testimone delle responsabilità previste dalla legge penale per i testimoni falsi o reticenti.;criminal law;responsabilità;yes;Verantwortlichkeit;strafrechtliche Verantwortung, strafrechtilche Verantwortlichkeit;;Haftung, Verantwortlichkeit
homonyms;34;In sede di discussione del giudizio abbreviato l’avvocato Rossi richiedeva l’assoluzione dell’imputato poiché dalle risultanze istruttorie non emergeva alcuna responsabilità penale del proprio assistito.;criminal law;responsabilità;yes;Verantwortlichkeit;strafrechtliche Verantwortung, strafrechtilche Verantwortlichkeit;;Haftung, Verantwortlichkeit
homonyms;34;La condanna è possibile soltanto quando vi sia la certezza processuale assoluta della responsabilità dell'imputato (Cass. pen., sez. II, 21 aprile 2006, n. 19575).;criminal law;responsabilità;yes;Verantwortlichkeit;strafrechtliche Verantwortung, strafrechtilche Verantwortlichkeit;;Haftung, Verantwortlichkeit
homonyms;35;L'assemblea convocata per la revoca o le dimissioni delibera in ordine alla nomina del nuovo amministratore.;civil law;revoca;yes;Abberufung;;;Widerruf, Abberufung
homonyms;35;La revoca dell'amministratore può essere deliberata in ogni tempo dall'assemblea, con la maggioranza prevista per la sua nomina oppure con le modalità previste dal regolamento di condominio.;civil law;revoca;yes;Abberufung;;;Widerruf, Abberufung
homonyms;35;In caso di revoca da parte dell'autorità giudiziaria, l'assemblea non può nominare nuovamente l'amministratore revocato.;civil law;revoca;yes;Abberufung;;;Widerruf, Abberufung
homonyms;35;Per la nomina degli amministratori e per la loro revoca nel caso indicato nel secondo comma dell'articolo 2259 sono necessari il consenso dei soci accomandatari e l'approvazione di tanti soci accomandanti che rappresentino la maggioranza del capitale da essi sottoscritto.;civil law;revoca;yes;Abberufung;;;Widerruf, Abberufung
homonyms;35;Lo statuto può richiedere maggioranze più elevate, tranne che per l'approvazione del bilancio e per la nomina e la revoca delle cariche sociali.;civil law;revoca;yes;Abberufung;;;Widerruf, Abberufung
homonyms;36;Restano salvi fino al loro adempimento tutti gli obblighi assunti prima della revoca delle deliberazioni stesse. ;administrative law;revoca;yes;Widerruf;;;Widerruf, Abberufung
homonyms;36;Qualora sopravvengano giustificati motivi il giudice, su istanza di parte, può disporre la revoca o la modifica dei provvedimenti di cui ai commi precedenti.;administrative law;revoca;yes;Widerruf;;;Widerruf, Abberufung
homonyms;36;La revoca determina la inidoneità del provvedimento revocato a produrre ulteriori effetti. ;administrative law;revoca;yes;Widerruf;;;Widerruf, Abberufung
homonyms;36;La revoca dell'adozione può essere pronunziata dal tribunale su domanda dell'adottante, quando l'adottato abbia attentato alla vita di lui o del suo coniuge, dei suoi discendenti o ascendenti.;administrative law;revoca;yes;Widerruf;;;Widerruf, Abberufung
homonyms;36;Quando i fatti previsti dall'articolo precedente sono stati compiuti dall'adottante contro l'adottato, oppure contro il coniuge o i discendenti o gli ascendenti di lui, la revoca può essere pronunciata su domanda dell'adottato.;administrative law;revoca;yes;Widerruf;;;Widerruf, Abberufung
homonyms;37;Al fine di prevenire azioni di sciopero vengono previste, con contratto collettivo, procedure di raffreddamento dei conflitti di lavoro, di mediazione e di conciliazione.;civil procedure law;conciliazione;yes;Schlichtung;;;Schlichtung, Versöhnung
homonyms;37;Nelle materie di cui al comma 1 del presente articolo il tentativo di conciliazione qui disciplinato viene esperito in luogo del procedimento di mediazione finalizzata alla conciliazione delle controversie civili e commerciali.;civil procedure law;conciliazione;yes;Schlichtung;;;Schlichtung, Versöhnung
homonyms;37;Se la conciliazione riesce, anche limitatamente ad una parte della pretesa avanzata dal dipendente, viene redatto separato processo verbale sottoscritto dalle parti e dai componenti del collegio di conciliazione.;civil procedure law;conciliazione;yes;Schlichtung;;;Schlichtung, Versöhnung
homonyms;37;Qualora la conciliazione non si concluda entro 60 giorni, si procede d’ufficio all’esproprio, all’imposizione di servitù coattive o all’occupazione.;civil procedure law;conciliazione;yes;Schlichtung;;;Schlichtung, Versöhnung
homonyms;37;L’esito della conciliazione è formalizzato in un verbale di conciliazione, che è sottoscritto dalle parti e dal direttore della Ripartizione provinciale Agricoltura o dalla persona incaricata di esperire il tentativo di conciliazione.;civil procedure law;conciliazione;yes;Schlichtung;;;Schlichtung, Versöhnung
homonyms;38;Se la conciliazione non riesce, si dà atto nel processo verbale del consenso dei coniugi alla separazione e delle condizioni riguardanti i coniugi stessi e la prole.;civil procedure law;conciliazione;yes;Versöhnung;;;Schlichtung, Versöhnung
homonyms;38;I coniugi per far cessare gli effetti della sentenza di separazione e per rendere la conciliazione opponibile a terzi devono rendere una dichiarazione davanti all’ufficiale di Stato Civile presso il Comune dove fu celebrato il matrimonio.;civil procedure law;conciliazione;yes;Versöhnung;;;Schlichtung, Versöhnung
homonyms;38;La Riforma del processo civile, in considerazione della natura della causa che interessa l’ambito familiare, dedica ampio spazio e favorisce la conciliazione e la mediazione, la prima intesa come tentativo del giudice di ricomporre la crisi e ripristinare l’unità familiare.;civil procedure law;conciliazione;yes;Versöhnung;;;Schlichtung, Versöhnung
homonyms;38;Il procedimento consensuale si promuove con ricorso al Tribunale in composizione collegiale per l’esperimento del tentativo di conciliazione e, in difetto di conciliazione, per la formalizzazione della volontà dei coniugi di vivere separati.;civil procedure law;conciliazione;yes;Versöhnung;;;Schlichtung, Versöhnung
homonyms;38;Il Presidente del Tribunale fa un tentativo di conciliazione fra i coniugi e, se la conciliazione non riesce, adotta eventuali provvedimenti urgenti necessari per la coppia o i figli.;civil procedure law;conciliazione;yes;Versöhnung;;;Schlichtung, Versöhnung
homonyms;39;Se i coeredi che intendono esercitare il diritto di riscatto sono più, la quota è assegnata a tutti in parti uguali.;inheritance law;diritto di riscatto;yes;Einlösungsrecht;;;Wiederkaufsrecht, Einlösungsrecht
homonyms;39;Dato l’intento del legislatore di circoscrivere la comunione ereditaria ai soli coeredi e di accrescere le loro quote patrimoniali in caso di alienazione di una di queste, il diritto di riscatto, così come il diritto di prelazione, non si può trasferire a soggetti estranei.;inheritance law;diritto di riscatto;yes;Einlösungsrecht;;;Wiederkaufsrecht, Einlösungsrecht
homonyms;39;Non necessariamente in caso di violazione del diritto di prelazione gli altri coeredi devono esercitare il diritto di riscatto.;inheritance law;diritto di riscatto;yes;Einlösungsrecht;;;Wiederkaufsrecht, Einlösungsrecht
homonyms;39;Il diritto di riscatto in cui si esprime il retratto successorio si esercita con una dichiarazione unilaterale del coerede resa innanzi ad un notaio.;inheritance law;diritto di riscatto;yes;Einlösungsrecht;;;Wiederkaufsrecht, Einlösungsrecht
homonyms;39;Una volta esercitato il diritto di riscatto, il coerede assume la posizione di acquirente come se avesse avuto la possibilità di esercitare il diritto di prelazione.;inheritance law;diritto di riscatto;yes;Einlösungsrecht;;;Wiederkaufsrecht, Einlösungsrecht
homonyms;40;Il venditore che esercita il diritto di riscatto è tenuto a rimborsare al compratore il prezzo, le spese e ogni altro pagamento legittimamente fatto per la vendita e le spese per le riparazioni necessarie.;law of obligations;diritto di riscatto;yes;Wiederkaufsrecht;Wiederkauf;Rückkaufsrecht;Wiederkaufsrecht, Einlösungsrecht
homonyms;40;Il venditore decade dal diritto di riscatto, se entro il termine fissato non comunica al compratore la dichiarazione di riscatto e non gli corrisponde le somme liquide dovute per il rimborso del prezzo e delle spese.;law of obligations;diritto di riscatto;yes;Wiederkaufsrecht;Wiederkauf;Rückkaufsrecht;Wiederkaufsrecht, Einlösungsrecht
homonyms;40;Se il compratore rifiuta di ricevere il pagamento dei rimborsi, il venditore decade dal diritto di riscatto, qualora non ne faccia offerta reale entro otto giorni dalla scadenza del termine.;law of obligations;diritto di riscatto;yes;Wiederkaufsrecht;Wiederkauf;Rückkaufsrecht;Wiederkaufsrecht, Einlösungsrecht
homonyms;40;Il venditore che ha legittimamente esercitato il diritto di riscatto nei confronti del compratore può ottenere il rilascio della cosa anche dai successivi acquirenti, purché il patto sia ad essi opponibile.;law of obligations;diritto di riscatto;yes;Wiederkaufsrecht;Wiederkauf;Rückkaufsrecht;Wiederkaufsrecht, Einlösungsrecht
homonyms;40;Se più persone hanno venduto congiuntamente, mediante un solo contratto, una cosa indivisa, ciascuna può esercitare il diritto di riscatto solo sopra la quota che le spettava.;law of obligations;diritto di riscatto;yes;Wiederkaufsrecht;Wiederkauf;Rückkaufsrecht;Wiederkaufsrecht, Einlösungsrecht
homonyms;41;È escluso dalla successione come indegno chi ha indotto con dolo o violenza la persona, della cui successione si tratta, a fare, revocare o mutare il testamento, o ne l'ha impedita.;law of obligations;dolo;no;Arglist;;arglistige Täuschung, List;Arglist, Vorsatz
homonyms;41;La disposizione testamentaria può essere impugnata da chiunque vi abbia interesse quando è l'effetto di errore, di violenza o di dolo.;law of obligations;dolo;no;Arglist;;arglistige Täuschung, List;Arglist, Vorsatz
homonyms;41;Chi, avendo più debiti, accetta una quietanza nella quale il creditore ha dichiarato di imputare il pagamento a uno di essi, non può pretendere un'imputazione diversa, se non vi è stato dolo o sorpresa da parte del creditore.;law of obligations;dolo;no;Arglist;;arglistige Täuschung, List;Arglist, Vorsatz
homonyms;41;Il contraente, il cui consenso fu dato per errore, estorto con violenza o carpito con dolo, può chiedere l'annullamento del contratto secondo le disposizioni seguenti.;law of obligations;dolo;no;Arglist;;arglistige Täuschung, List;Arglist, Vorsatz
homonyms;41;Il dolo è causa di annullamento del contratto quando i raggiri usati da uno dei contraenti sono stati tali che, senza di essi, l'altra parte non avrebbe contrattato.;law of obligations;dolo;no;Arglist;;arglistige Täuschung, List;Arglist, Vorsatz
homonyms;42;Sono circostanze soggettive quelle che concernono la intensità del dolo o il grado della colpa, o le condizioni e le qualità personali del colpevole, o i rapporti fra il colpevole e l'offeso, ovvero che sono inerenti alla persona del colpevole;criminal law;dolo;yes;Vorsatz;vorsätzliches Verhalten;;Arglist, Vorsatz
homonyms;42;Il donante, in caso d'inadempimento o di ritardo nell'eseguire la donazione, è responsabile soltanto per dolo o per colpa grave.;criminal law;dolo;yes;Vorsatz;vorsätzliches Verhalten;;Arglist, Vorsatz
homonyms;42;Il giudice che dichiara la nullità di un atto ne dispone la rinnovazione, qualora sia necessaria e possibile, ponendo le spese a carico di chi ha dato causa alla nullità per dolo o colpa grave.;criminal law;dolo;yes;Vorsatz;vorsätzliches Verhalten;;Arglist, Vorsatz
homonyms;42;Nessuno può essere punito per un fatto preveduto dalla legge come delitto, se non l'ha commesso con dolo, salvi i casi di delitto preterintenzionale o colposo espressamente preveduti dalla legge.;criminal law;dolo;yes;Vorsatz;vorsätzliches Verhalten;;Arglist, Vorsatz
homonyms;42;Le circostanze che aggravano o diminuiscono le pene concernenti i motivi a delinquere, l'intensità del dolo, il grado della colpa e le circostanze inerenti alla persona del colpevole, sono valutate soltanto riguardo alla persona a cui si riferiscono.;criminal law;dolo;yes;Vorsatz;vorsätzliches Verhalten;;Arglist, Vorsatz
homonyms;43;La causa è illecita quando è contraria a norme imperative, all'ordine pubblico o al buon costume.;law of obligations;causa;yes;Rechtsgrund;;causa;Rechtsstreit, Rechtsgrund
homonyms;43;Si reputa altresì illecita la causa quando il contratto costituisce il mezzo per eludere l'applicazione di una norma imperativa.;law of obligations;causa;yes;Rechtsgrund;;;Rechtsstreit, Rechtsgrund
homonyms;43;La nullità o l'annullamento del contratto di lavoro non produce effetto per il periodo in cui il rapporto ha avuto esecuzione, salvo che la nullità derivi dall'illiceità dell'oggetto o della causa.;law of obligations;causa;yes;Rechtsgrund;;;Rechtsstreit, Rechtsgrund
homonyms;43;Producono nullità del contratto la mancanza di uno dei requisiti indicati dall'articolo 1325, l'illiceità della causa, l'illiceità dei motivi nel caso indicato dall'articolo 1345 e la mancanza nell'oggetto dei requisiti stabiliti dall'articolo 1346.;law of obligations;causa;yes;Rechtsgrund;;;Rechtsstreit, Rechtsgrund
homonyms;43;La causa è nello scopo pratico ovvero nella funzione economico-individuale del contratto.;law of obligations;causa;yes;Rechtsgrund;;;Rechtsstreit, Rechtsgrund
homonyms;44;L'istanza per ottenere la sospensione proposta prima dell'inizio della causa non sospende né interrompe il termine per la proposizione dell'impugnazione della deliberazione.;civil procedure law;causa;yes;Rechtsstreit;;;Rechtsstreit, Rechtsgrund
homonyms;44;La trattazione della causa ha inizio quando sia decorso il termine suddetto.;civil procedure law;causa;yes;Rechtsstreit;;;Rechtsstreit, Rechtsgrund
homonyms;44;La competenza degli arbitri non è esclusa dalla pendenza della stessa causa davanti al giudice, né dalla connessione tra la controversia ad essi deferita ed una causa pendente davanti al giudice.;civil procedure law;causa;yes;Rechtsstreit;;;Rechtsstreit, Rechtsgrund
homonyms;44;Se la riassunzione della causa davanti al giudice dichiarato competente avviene nel termine fissato nella ordinanza dal giudice, il processo continua davanti al nuovo giudice.;civil procedure law;causa;yes;Rechtsstreit;;;Rechtsstreit, Rechtsgrund
homonyms;44;Il giudice ha l'obbligo di astenersi se ha interesse nella causa o in altra vertente su identica questione di diritto.;civil procedure law;causa;yes;Rechtsstreit;;;Rechtsstreit, Rechtsgrund
homonyms;45;Nel processo davanti a tale giudice le parti esercitano gli stessi diritti e facoltà che sarebbero loro spettati davanti al giudice originariamente competente.;civil law;facoltà;yes;Befugnis;;;Befugnis, Fakultät
homonyms;45;L'inventario deve essere compiuto nel termine di trenta giorni, salva al giudice tutelare la facoltà di prorogare il termine se le circostanze lo esigono.;civil law;facoltà;yes;Befugnis;;;Befugnis, Fakultät
homonyms;45;In quest'ultimo caso l'onerato è obbligato ad acquistare la proprietà della cosa dal terzo e a trasferirla al legatario, ma è in sua facoltà di pagarne al legatario il giusto prezzo.;civil law;facoltà;yes;Befugnis;;;Befugnis, Fakultät
homonyms;45;I chiamati all'eredità, che hanno sottratto o nascosto beni spettanti all'eredità stessa, decadono dalla facoltà di rinunziarvi e si considerano eredi puri e semplici, nonostante la loro rinunzia.;civil law;facoltà;yes;Befugnis;;;Befugnis, Fakultät
homonyms;45;Chiunque ha interesse può chiedere che l'autorità giudiziaria fissi un termine entro il quale il legatario dichiari se intende esercitare la facoltà di rinunziare.;civil law;facoltà;yes;Befugnis;;;Befugnis, Fakultät
homonyms;46;Le Facoltà hanno il compito primario di organizzare e coordinare l'attività didattica dei corsi di studio e degli altri corsi che ad esse afferiscono, predisponendo i relativi regolamenti anche su proposta della Commissione Didattica della Facoltà.;university law;facoltà;yes;Fakultät;;;Befugnis, Fakultät
homonyms;46;Le Facoltà sono le strutture didattiche e di ricerca che operano secondo quanto previsto dal Regolamento didattico di Ateneo.;university law;facoltà;yes;Fakultät;;;Befugnis, Fakultät
homonyms;46;I corsi di laurea sono organizzati e coordinati attraverso grandi aree di studio multidisciplinari, rappresentate da Facoltà e Scuole.;university law;facoltà;yes;Fakultät;;;Befugnis, Fakultät
homonyms;46;Più di 1.000 sono gli iscritti alla nostra facoltà, i cui punti di forza sono l'internazionalità e il trilinguismo - italiano, tedesco, inglese - che preparano a operare in un contesto globale.;university law;facoltà;yes;Fakultät;;;Befugnis, Fakultät
homonyms;46;Gli studenti possono partecipare a esperienze di apprendimento nei laboratori della facoltà.;university law;facoltà;yes;Fakultät;;;Befugnis, Fakultät
homonyms;47;Eseguite le iscrizioni dell'atto di fusione a norma del secondo comma dell'articolo 2504, l'invalidità dell'atto di fusione non può essere pronunciata.;administrative law;invalidità;yes;Ungültigkeit;;;Invalidität, Ungültigkeit
homonyms;47;L'autorità competente al rilascio delle autorizzazioni di cui al primo comma è legittimata, qualora l'iscrizione nel registro delle imprese sia avvenuta nonostante la loro mancanza o invalidità, a proporre istanza per la cancellazione della società medesima dal registro. ;administrative law;invalidità;yes;Ungültigkeit;;;Invalidität, Ungültigkeit
homonyms;47;Nei casi e nei termini previsti dal precedente comma l'invalidità può essere rilevata d'ufficio dal giudice.;administrative law;invalidità;yes;Ungültigkeit;;;Invalidität, Ungültigkeit
homonyms;47;L'invalidità della deliberazione per mancanza del verbale può essere sanata mediante verbalizzazione eseguita prima dell'assemblea successiva.;administrative law;invalidità;yes;Ungültigkeit;;;Invalidität, Ungültigkeit
homonyms;47;Un provvedimento si dice patologico quando è affetto da invalidità, che si verifica quando la difformità tra l'atto e le norme determina una lesione di interessi tutelati da queste stesse. ;administrative law;invalidità;yes;Ungültigkeit;;;Invalidität, Ungültigkeit
homonyms;48;Attualmente le persone con invalidità civile per dimostrare l’invalidità devono produrre il verbale redatto dalla commissione medica dell’Azienda Sanitaria ove compare anche la patologia riscontrata.;social security law;invalidità;yes;Invalidität;;;Invalidität, Ungültigkeit
homonyms;48;Le commissioni mediche di ciascun comprensorio rilasceranno a tutte le persone a cui verrà attestata un’invalidità dal 46% in su la tessera d’invalidità.;social security law;invalidità;yes;Invalidität;;;Invalidität, Ungültigkeit
homonyms;48;È escluso dalla prestazione chi ha effettuato cicli di cure termali per tre anni consecutivi, ad eccezione dei casi di riacutizzazione dell'infermità pensionata o di aggravamento dell'invalidità accertati dal medico addetto all'assistenza agli invalidi del Comprensorio sanitario.;social security law;invalidità;yes;Invalidität;;;Invalidität, Ungültigkeit
homonyms;48;Il premio di assunzione non è concesso se alla persona viene riconosciuta l’invalidità durante il rapporto di lavoro.;social security law;invalidità;yes;Invalidität;;;Invalidität, Ungültigkeit
homonyms;48;Nel caso di persone adulte, l’erogazione dei dispositivi per l’udito spetta, a prescindere dal riconoscimento della relativa invalidità, a coloro che hanno una ipoacusia bilaterale rilevata senza protesi pari o superiore a 45 dB HL nell’orecchio migliore.;social security law;invalidità;yes;Invalidität;;;Invalidität, Ungültigkeit
homonyms;49;Se il contraente non paga il premio o la prima rata di premio stabilita dal contratto, l'assicurazione resta sospesa fino alle ore ventiquattro del giorno in cui il contraente paga quanto è da lui dovuto.;insurance law;premio;yes;Prämie;Versicherungsprämie;;Preis, Prämie
homonyms;49;È soggetto a collazione ciò che il defunto ha speso a favore dei suoi discendenti per assegnazioni fatte a causa di matrimonio o per soddisfare premi relativi a contratti di assicurazione sulla vita a loro favore.;insurance law;premio;yes;Prämie;Versicherungsprämie;;Preis, Prämie
homonyms;49;Se l'usufruttuario ha provveduto all'assicurazione della cosa o al pagamento dei premi per la cosa già assicurata, l'usufrutto si trasferisce sull'indennità dovuta dall'assicuratore.;insurance law;premio;yes;Prämie;Versicherungsprämie;;Preis, Prämie
homonyms;49;I premi relativi al periodo di assicurazione in corso al momento della comunicazione o della conoscenza sono dovuti per intero.;insurance law;premio;yes;Prämie;Versicherungsprämie;;Preis, Prämie
homonyms;49;Il recesso dell'assicuratore ha effetto dopo quindici giorni, se l'aggravamento del rischio è tale che per l'assicurazione sarebbe stato richiesto un premio maggiore.;insurance law;premio;yes;Prämie;Versicherungsprämie;;Preis, Prämie
homonyms;50;Nei concorsi a premio, i premi non richiesti o non assegnati, diversi da quelli rifiutati, sono devoluti a organizzazioni non lucrative di utilità sociale.;law;premio;yes;Preis;;;Preis, Prämie
homonyms;50;Per concorsi a premi si intendono tutte le manifestazioni promozionali in cui solamente determinati partecipanti ricevono un premio.;law;premio;yes;Preis;;;Preis, Prämie
homonyms;50;I premi messi in palio sono consegnati agli aventi diritto entro il termine di sei mesi dall'individuazione dei vincitori.;law;premio;yes;Preis;;;Preis, Prämie
homonyms;50;In caso di violazioni nella consegna dei premi, il Ministero determina l'incameramento totale o parziale della cauzione, pari al 100% del valore dei premi del concorso.;law;premio;yes;Preis;;;Preis, Prämie
homonyms;50;L’obbligo di comunicazione di operazioni a premi al Ministero sussiste solo nel caso in cui non si possano consegnare immediatamente i premi ai vincitori.;law;premio;yes;Preis;;;Preis, Prämie
